{
    "leftcameramat": [
        [1020.35986328125,    0.0            , 607.4111938476562],
        [   0.0          , 1020.3599243164062, 515.9519653320312],
        [   0.0          ,    0.0            , 1.0              ]
    ],
    "leftdistortioncoeffs": [0.0, 0.0, 0.0, 0.0, 0.0],
    "rightcameramat": [
        [
            1020.35986328125,
            0.0,
            698.0482788085938
        ],
        [
            0.0,
            1020.3599243164062,
            515.9519653320312
        ],
        [
            0.0,
            0.0,
            1.0
        ]
    ],
    "rightdistortioncoeffs": [0.0, 0.0, 0.0, 0.0, 0.0],
    "translation": [0.004151896573603153, -9.999999717180685e-10, -9.999999717180685e-10],
    "rotation": [0.0, 0.0, 0.0],
    "img_size": [512, 640]
}